Judul Buku,Jumlah Pinjaman,Lama Pinjaman (Hari)
101 Kisah,2,6
360 Days of Wonder,1,6
500 Tanda Jawab Transaksi Syariah Sehari-hari,2,11
Api Tauhid,6,24
Atlas Sejarah Nabi Muhammad SAW,3,5
Ayah,2,9
Ayahku Bukan Pembohong,2,7
Ayat-ayat Cinta 2,3,14
Bangkitnya Dajjal,4,12
Bersahabat dengan Ajal,2,6
Bidadari-bidadari Surga,4,15
Biografi Empat Imam,5,15
Bumi Masyar,2,10
Cahaya Cinta Pesantren,4,16
Cinta dalam Ikhlas,2,8
Etika Muslimah,2,9
Fihi Ma Fihi,2,8
Fiqh Munakahat,2,12
Fiqih Sunnah Shafwah,2,13
Hujan,6,23
Index Lengkap Ayat Al Quran,4,18
Kamus Munawir,4,3
Kedudukan dan Peran Perempuan,2,5
Kesehatan dalam Perspektif Al Quran,2,14
KeylanDara,7,21
Larangan Naminah,2,2
Misan Catatan Amal,7,38
Muhammad Al-Fatih 1453,2,11
Negeri 5 Menara,2,9
Panduan Etika Muslimah Sehari-hari,2,9
Praktek Kedokteran Nabi Ketika Allah Melihatkan Kekuasaannya,2,9
Sapporo No Niji,2,7
Surau,4,10
Syahwat At-tafasir,2,7
Tafsir Al-Misbah,3,7
Tafsir Ibnu Kasir 5,2,2
Tahajud Cinta,2,9
Tahajud Cinta di Kota New York,2,6
Untuk apa Shalat,3,12
Wawasan Al-Quran,2,6
